<project name="project" default="" basedir=".">

	<path id="classpath.anakia">
		<fileset dir="lib">
			<include name="cayenne-1.1RC3-dev.jar"/>
			<include name="jdom-b8.jar"/>
		</fileset>
	</path>
    <!-- ============================================= -->
    <!-- Generate project                              -->
    <!-- Required parameters                           -->
    <!-- param.base.dir the src directory               -->
    <!-- classpath the classpath refid     -->
    <!-- ============================================= -->
    <target name="generate.api">
		<taskdef name="anakia"
		classname="org.apache.velocity.anakia.AnakiaTask">
			<classpath refid="classpath.anakia"/>
		</taskdef>
		<anakia basedir="${param.base.dir}" destdir="${project.api.dir}"
		extension=".xml" style="api.vsl" excludes="**/templates/**"
		includes="${param.project.file}"
		templatePath="${param.base.dir}/templates"
			lastModifiedCheck="false"/>
		<anakia basedir="${param.base.dir}" destdir="${project.api.dir}"
		extension=".psf" style="api-psf.vsl" excludes="**/templates/**"
		includes="${param.project.file}"
		templatePath="${param.base.dir}/templates"
		lastModifiedCheck="false"/>
    </target>

    <!-- ============================================= -->
    <!-- Generate project                              -->
    <!-- Required parameters                           -->
    <!-- param.base.dir the src directory               -->
    <!-- classpath the classpath refid     -->
    <!-- ============================================= -->
    <target name="generate.framework">
		<taskdef name="anakia"
		classname="org.apache.velocity.anakia.AnakiaTask">
			<classpath refid="classpath.anakia"/>
		</taskdef>
		<anakia basedir="${param.base.dir}" destdir="${project.frameworks.dir}"
		extension=".xml" style="framework.vsl" excludes="**/templates/**"
		includes="${param.project.file}"
		templatePath="${param.base.dir}/templates"
			lastModifiedCheck="false"/>
		<anakia basedir="${param.base.dir}" destdir="${project.frameworks.dir}"
		extension=".psf" style="framework-psf.vsl" excludes="**/templates/**"
		includes="${param.project.file}"
		templatePath="${param.base.dir}/templates"
		lastModifiedCheck="false"/>
    </target>

    <!-- ============================================= -->
    <!-- Generate project                              -->
    <!-- Required parameters                           -->
    <!-- param.base.dir the src directory               -->
    <!-- classpath the classpath refid     -->
    <!-- ============================================= -->
    <target name="generate.woapp">
		<taskdef name="anakia"
		classname="org.apache.velocity.anakia.AnakiaTask">
			<classpath refid="classpath.anakia"/>
		</taskdef>
		<anakia basedir="${param.base.dir}" destdir="${project.woapp.dir}"
		extension=".xml" style="woapp.vsl" excludes="**/templates/**"
		includes="${param.project.file}"
		templatePath="${param.base.dir}/templates"
			lastModifiedCheck="false"/>
		<anakia basedir="${param.base.dir}" destdir="${project.woapp.dir}"
		extension=".psf" style="woapp-psf.vsl" excludes="**/templates/**"
		includes="${param.project.file}"
		templatePath="${param.base.dir}/templates"
		lastModifiedCheck="false"/>
    </target>
	
    <!-- ============================================= -->
    <!-- Generate project                              -->
    <!-- Required parameters                           -->
    <!-- param.base.dir the src directory               -->
    <!-- classpath the classpath refid     -->
    <!-- ============================================= -->
    <target name="generate.psf">
		<taskdef name="anakia"
		classname="org.apache.velocity.anakia.AnakiaTask">
			<classpath refid="classpath.anakia"/>
		</taskdef>
		<anakia basedir="${param.base.dir}" destdir="."
		extension=".psf" style="psf.vsl" excludes="**/templates/**"
		includes="${param.project.file}"
		templatePath="${param.base.dir}/templates"
			lastModifiedCheck="false"/>
    </target>
    <!-- ============================================= -->
    <!-- checkout project                                -->
    <!-- Required parameters                           -->
    <!-- param.base.dir the src directory              -->
    <!-- classpath the classpath refid     			   -->
    <!-- ============================================= -->
	<target name="checkout">
		<cvs command="checkout" cvsroot="${param.cvsroot}"
		cvsrsh="ssh" dest="../../"
		package="${param.cvs.path}/${param.module}" 
		tag="${param.tag}"/>
		<move todir="../../${param.module}">
			<fileset dir="../../${param.cvs.path}/${param.module}" defaultexcludes="no"/>
		</move>
	</target>
    <!-- ============================================= -->
    <!-- Update project                                -->
    <!-- Required parameters                           -->
    <!-- param.base.dir the src directory              -->
    <!-- classpath the classpath refid     			   -->
    <!-- ============================================= -->
	<target name="update">
		<cvs command="update" cvsroot="${param.cvsroot}"
		cvsrsh="ssh" dest="../../"
		package="${param.module}" tag="${param.tag}"/>
	</target>
</project>
