<!-- ============================================= -->
<!-- 		Script to build WebObject Application 	-->
<!-- ============================================= -->
<project name="build-woapp" default="" basedir=".">
	
	<path id="classpath.woproject">
		<fileset dir="../${project.dir}/${project.lib.dir}">
			<include name="woproject.jar"/>
		</fileset>
	</path>
	
	<target name="version" unless="no_versionning">
        <tstamp>
        	<format property="build.timestamp" pattern="yyyy-MM-dd HH:mm:ss"/>
        </tstamp>
		<property name="version.java" location="../${version.framework}/${version.path}/WDLVersion.java"/>
                <touch file="${version.java}" />
                <echo file="${version.java}">
package ${version.package};
/**
* This file is automatically generated by ANT at build time,
* DO NOT EDIT it directly as it will be overwritten anyway.
* Edit the ant script (build.xml) to update the version string
* for each version!
*/
public class WDLVersion {
/* Should rather not be static fields to prevent static link to the
	strings at compile-time, hence the methods! */
	public static final String getVersion() {
		return "${build.version}";
	}
	public static final String getBuildTimestamp() {
		return "${build.timestamp}";
	}
	public static final String getProjectName() {
		return "${project.name}";
	}
	public static final String getCVSTag() {
		return "${tag}";
	}
	public static void main(String[] args) {
		System.out.println("Project:  "+getProjectName());
		System.out.println("Version:  "+getVersion());
		System.out.println("Built on: "+getBuildTimestamp());
		System.out.println("CVS Tag:  "+getCVSTag());
		System.out.println();
	}
}
                </echo>
	</target>
	<!-- ========================================= -->
	
	<target name="java">
		<mkdir dir="${param.output.java.dir}"/>
		<path id="full.classpath">
			<path refid="classpath"/>
		     <fileset dir="..">
		        <patternset>
		          <includesfile name="woproject/ant.classpaths.wo.wolocalroot.manual"/>
		        </patternset>
		     </fileset>
			 <fileset dir="${param.api.dir}">
		        <include name="**/*.jar"/>
		     </fileset>
		</path>

		<taskdef name="wocompile" classname="org.objectstyle.woproject.ant.WOCompile">
			<classpath refid="classpath.woproject"/>
		</taskdef>
		
		<wocompile srcdir="${param.woapp.dir}/${param.src.java.dir}" destdir="${param.output.java.dir}"
			deprecation="${compile.deprecation}" debug="${compile.debug}" optimize="${compile.optimize}" 
			encoding="${build.encoding}" compiler="${build.compiler}"
			source="${compile.source}" target="${compile.target}" fork="true">
			<frameworks dir="${wo.wosystemroot}">		
				    <includesfile name="woproject/ant.frameworks.wo.wosystemroot.manual"/>
			</frameworks>
			<frameworks dir="${param.build.output.dir}">
				    <includesfile name="woproject/ant.frameworks.user.home.manual"/>
			</frameworks>
			<classpath refid="full.classpath"/>
		</wocompile>
	</target>

	<!-- ========================================= -->
	<target name="build">
		<echo message="${param.api.dir}"/>
		<path id="full.classpath">
			<path refid="classpath"/>
		</path>
		<taskdef name="woapplication" classname="org.objectstyle.woproject.ant.WOApplication">
			<classpath refid="classpath.woproject"/>
		</taskdef>
		
		<woapplication name="${application.name}" 
			destdir="${param.output.woapp.dir}" 
			wsdestdir="${param.output.ws.dir}"
			webxml="true"
			webxml_customcontent="${webxml.customcontent}"
			webxml_woroot="${webxml.woroot}"
			webxml_woappmode="${webxml.mode}">   
			<classes dir="${param.output.java.dir}">
      			<patternset>
  					<includesfile name="woproject/classes.include.patternset"/> 
					<excludesfile name="woproject/classes.exclude.patternset"/> 
				</patternset>
   			</classes>
   			<wsresources dir="${param.ws.dir}">
      			<patternset>
  					<includesfile name="woproject/wsresources.include.patternset"/> 
					<excludesfile name="woproject/wsresources.exclude.patternset"/> 
			</patternset>
			</wsresources>
   			<resources dir="${param.resources.dir}">
      			<patternset>
  					<includesfile name="woproject/resources.include.patternset"/> 
					<excludesfile name="woproject/resources.exclude.patternset"/> 
				</patternset>
       			</resources>
			<resources dir="${param.components.dir}">
      			<patternset>
  					<includesfile name="woproject/resources.include.patternset"/> 
					<excludesfile name="woproject/resources.exclude.patternset"/> 
				</patternset>
       			</resources>
			<frameworks dir="${wo.wosystemroot}"  embed="${wosystem.embed}">
				<includesfile name="woproject/ant.frameworks.wo.wosystemroot.manual"/>
			</frameworks>
			<frameworks dir="${param.build.output.dir}" embed="true">
				<includesfile name="woproject/ant.frameworks.user.home.manual"/>
			</frameworks>
			<lib dir=".">
				<patternset>
					<includesfile name="woproject/ant.classpaths.wo.wolocalroot.manual"/>
				</patternset>
			</lib>
			<lib dir="${param.api.dir}">
				<patternset>
					<include name="**.jar"/>
				</patternset>
			</lib>
		</woapplication>
	</target>
	
	<target name="copy.webserverresources">
		<copy todir="${param.output.ws.dir}/WebObjects">
			<fileset dir="${wo.wosystemroot}/Library/">
				<patternset>
					<include name="Frameworks/**.framework/WebServerResources/**"/>
				</patternset>
			</fileset>
		</copy>
		<copy todir="${param.output.ws.dir}/WebObjects">
			<fileset dir="${param.build.output.dir}/Library/">
				<patternset>
					<include name="Frameworks/**.framework/WebServerResources/**"/>
				</patternset>
			</fileset>
		</copy>
	</target>
	<!-- ========================================= -->
	<!-- 						-->
	<!-- =========================================	-->
	<target name="dist" depends="copy.webserverresources">
		<copy todir="${param.output.ws.dir}/webserverresources">
			<fileset dir="${param.output.ws.dir}/WebObjects"/>
		</copy>
		<war warfile="${param.dist.dir}/${package.name}.war" 
			webxml="${param.output.woapp.dir}/${application.name}.woa/Contents/web.xml">
			<webinf dir="${param.output.woapp.dir}">
				<include name="${application.name}.woa/**"/>
			</webinf>
			<fileset dir="${param.output.ws.dir}">
				<include name="webserverresources/**"/>
			</fileset>
			<fileset dir=".">
				<include name="LICENSE"/>
			</fileset>
			<lib dir="${wo.wosystemroot}/Library/Frameworks/JavaWOJSPServlet.framework/WebServerResources/Java/">
				<include name="JavaWOJSPServlet_client.jar"/>
			</lib>
			<lib dir="${param.dist.dir}">
				<include name="**.jar"/>
			</lib>
			<lib dir="${param.lib.dir}">
				<include name="**.jar"/>
			</lib>
            <webinf dir="${wo.wosystemroot}/Library/Frameworks/JavaWOJSPServlet.framework/Resources/" prefix="WEB-INF/tlds">
                <include name="WOtaglib_1_0.tld"/>
            </webinf>
		</war>
	</target>
	
	<target name="clean">
		<delete dir="${classes.dir}"/>
	</target>
	
	<!-- =========================================	-->
	<!-- This target is used to change the        	-->
	<!-- "Application.conf" file					-->
	<!-- params :								-->
	<!-- 	param.output.woapp.dir				-->
	<!-- 	application.conf						-->
	<!-- =========================================	-->
	<target name="post-configure" depends="check.application.conf" if="application.conf">
		<copy tofile="${param.output.woapp.dir}/${application.name}.woa/Contents/Resources/Application.conf"
			file="${application.conf}" overwrite="true"/>
		<echo message="copy ${application.conf} to ${param.output.woapp.dir}/${application.name}.woa/"/>
	</target>
	
	<target name="check.application.conf">
		<condition property="application.conf">
			<isset property="application.conf"/>
		</condition>
	</target>
	<!-- =========================================	-->
	<!-- Following tasks are used to define 		-->
	<!-- database settings. 						-->
	<!-- param.output.frameworks.dir				-->
	<!-- =========================================	-->
	<target name="check.database">
		<condition property="oracle">
			<equals arg1="${database}" arg2="ORACLE" casesensitive="false"/>
		</condition>
		<condition property="postgresql">
			<equals arg1="${database}" arg2="POSTGRESQL" casesensitive="false"/>
		</condition>
		<condition property="frontbase">
			<equals arg1="${database}" arg2="FRONTBASE" casesensitive="false"/>
		</condition>
	</target>
	
	<target name="set.database.oracle" if="oracle">
		<property name="database.type" value="ORACLE"/>
		<echo message="Database is set to ORACLE"/>
	</target>
	
	<target name="set.database.postgresql" if="postgresql">
		<property name="database.type" value="POSTGRESQL"/>
		<echo message="Database is set to POSTGRESQL"/>
	</target>
	
	<target name="set.database.frontbase" if="frontbase">
		<property name="database.type" value="FRONTBASE"/>
		<echo message="Database is set to FRONTBASE"/>
		<copy todir="${param.output.frameworks.dir}/FrontBasePlugIn.framework">
			<fileset dir="${fb.plugin.dir}/FrontBasePlugIn.framework"/>
		</copy>
		<copy tofile="${param.dist.dir}/fronbasejdbc.jar" 
			file="${fb.dir}/Java/frontbasejdbc.jar"/>
	</target>
	
	<target name="set.database" 
		depends="check.database,set.database.oracle,
			set.database.postgresql,set.database.frontbase"
			unless="no_versionning">
		<echo message="Database set to ${database.type}"/>
		<ant dir="../DenaliDBUtils" target="eoprototype"/>
	</target>
</project>
