<?xml version="1.0"?>
 
<!-- ======================================================== -->
<!--              Script to build an ant style project        -->
<!-- ======================================================== -->
<project name="build-ant-style-project" default="" basedir=".">
	
    <!-- ============================================= -->
    <!-- Compiles Java classes                         -->
    <!-- Required parameters                           -->
    <!-- param.src.dir the src directory               -->
    <!-- param.dest.dir the javac output directory     -->
    <!-- classpath the classpath refid     -->
    <!-- ============================================= -->
    <target name="java">
       <javac srcdir="${param.src.dir}"
                destdir="${param.dest.dir}"
                deprecation="${compile.deprecation}"
                debug="${compile.debug}"
                optimize="${compile.optimize}">
            <classpath refid="classpath"/>
        </javac>
    </target>

    <!-- ============================================= -->
    <!-- Compiles Java test cases                      -->
    <!-- Required parameters                           -->
    <!-- param.src.dir the src directory               -->
    <!-- param.dest.dir the javac output directory     -->
    <!-- classpath-tests the classpath refid           -->
    <!-- ============================================= -->
    <target name="java.tests">
       <javac srcdir="${param.src.dir}"
                destdir="${param.dest.dir}"
                deprecation="${compile.deprecation}"
                debug="${compile.debug}"
                optimize="${compile.optimize}">
            <classpath refid="classpath-tests"/>
        </javac>
    </target>

    <!-- ============================================= -->
    <!-- Jars Java classes                             -->
    <!-- Required parameters                           -->
    <!-- param.classes.dir                             -->
    <!-- param.resources.dir                             -->
    <!-- param.classes.patternset.refid the classes    -->
    <!-- param.jar.file the jar file                   -->
    <!-- ============================================= -->
    <target name="jar">
    	<tstamp>
  		<format property="build.timestamp" pattern="yyyy-MM-dd HH:mm:ss"/>
	</tstamp>
	<jar
	jarfile="${param.build.dist.build.dir}/${param.jar.name}_${param.jar.version}.jar">
        <fileset dir="${param.classes.dir}">
		     <patternset refid="param.classes.patternset.refid"/>
	    </fileset>
		<manifest>
      			<attribute name="Built-By" value="${user.name}, Denali S.A."/>
				<attribute name="Created-By" value="Denali S.A." />
				<attribute name="Implementation-Vendor" value="Denali S.A." />
				<attribute name="Build-At" value="${build.timestamp}" />
				<attribute name="Implementation-Version" value="${build.version}" />
				<attribute name="Supported-JVM" value="1.4.*" />
    		</manifest>
    </jar>
    </target>

    <!-- ============================================= -->
    <!-- Jars Java classes with resources              -->
    <!-- Required parameters                           -->
    <!-- param.classes.dir                             -->
    <!-- param.resources.dir                           -->
    <!-- param.classes.patternset.refid the classes    -->
    <!-- param.jar.file the jar file                   -->
    <!-- ============================================= -->
    <target name="jar.with.resources">
	<jar jarfile="${param.jar.file}">
        <fileset dir="${param.classes.dir}">
		     <patternset refid="param.classes.patternset.refid"/>
	    </fileset>
        <fileset dir="${param.resources.dir}">
	    </fileset>
	</jar>
    </target>

</project>
