<!-- ============================================= -->
<!-- 		Script to build frameworks			-->
<!-- ============================================= -->
<project name="build-framework" default="" basedir=".">
	
	<path id="classpath.woproject">
		<fileset dir="../${project.dir}/${project.lib.dir}">
			<include name="woproject.jar"/>
		</fileset>
	</path>
	
	<target name="version">
        <tstamp>
        	<format property="build.timestamp" pattern="yyyy-MM-dd HH:mm:ss"/>
        </tstamp>
		<property name="version.java" location="${src.dir}/${framework.name}_version.java"/>
                <touch file="${version.java}" />
                <echo file="${version.java}">
/**
* This file is automatically generated by ANT at build time,
* DO NOT EDIT it directly as it will be overwritten anyway.
* Edit the ant script (build.xml) to update the version string
* for each version!
*/
public class ${framework.name}_version {
/* Should rather not be static fields to prevent static link to the
	strings at compile-time, hence the methods! */
	public static final String getVersion() {
		return "${build.version}";
	}
	public static final String getBuildTimestamp() {
		return "${build.timestamp}";
	}
	public static final String getProjectName() {
		return "${framework.name}";
	}
	public static final String getCVSTag() {
		return "${tag}";
	}
	public static void main(String[] args) {
		System.out.println("Project:  "+getProjectName());
		System.out.println("Version:  "+getVersion());
		System.out.println("Built on: "+getBuildTimestamp());
		System.out.println("CVS Tag:  "+getCVSTag());
		System.out.println();
	}
}
                </echo>
	</target>
	
	<!-- ========================================= -->
	
	<target name="java">
		<mkdir dir="${param.output.java.dir}"/>
		<path id="full.classpath">
			<path refid="classpath"/>
		     <fileset dir="..">
		        <patternset>
		        <includesfile name="woproject/ant.classpaths.wo.wolocalroot.manual"/>
		        </patternset>
		       </fileset>
		</path>

		<taskdef name="wocompile" classname="org.objectstyle.woproject.ant.WOCompile">
			<classpath refid="classpath.woproject"/>
		</taskdef>
		
		<wocompile srcdir="${param.framework.dir}/${param.src.java.dir}" destdir="${param.output.java.dir}"
			deprecation="${compile.deprecation}" debug="${compile.debug}" optimize="${compile.optimize}" 
			encoding="${build.encoding}" compiler="${build.compiler}">
			<frameworks dir="${wo.wosystemroot}">		
				    <includesfile name="woproject/ant.frameworks.wo.wosystemroot.manual"/>
			</frameworks>
			<frameworks dir="${param.build.output.dir}">
				    <includesfile name="woproject/ant.frameworks.user.home.manual"/>
			</frameworks>
			<classpath refid="full.classpath"/>
		</wocompile>
	</target>

	<!-- ========================================= -->
	<target name="build">
		<path id="full.classpath">
			<path refid="classpath"/>
		</path>
		<taskdef name="woframework" classname="org.objectstyle.woproject.ant.WOFramework">
			<classpath refid="classpath.woproject"/>
		</taskdef>
		
		<mkdir dir="lib"/>
		<woframework name="${framework.name}" 
			destdir="${param.output.frameworks.dir}/" 
			wsdestdir="${param.output.ws.dir}/"
			principalclass="${principalClass}">   
			<classes dir="${param.output.java.dir}">
      			<patternset>
  					<includesfile name="woproject/classes.include.patternset"/> 
					<excludesfile name="woproject/classes.exclude.patternset"/> 
				</patternset>
   			</classes>
   			<wsresources dir="${param.ws.dir}">
      			<patternset>
  					<includesfile name="woproject/wsresources.include.patternset"/> 
					<excludesfile name="woproject/wsresources.exclude.patternset"/> 
				</patternset>
			</wsresources>
   			<resources dir="${param.resources.dir}">
      			<patternset>
  					<includesfile name="woproject/resources.include.patternset"/> 
					<excludesfile name="woproject/resources.exclude.patternset"/> 
				</patternset>
       		</resources>
			<lib dir="lib">
				<patternset>
					<include name="**/*.jar"/>
				</patternset>
			</lib>
		</woframework>
	</target>
	<!-- ========================================= -->
	<target name="dist">
		<tar destfile="${param.dist.dir}/${framework.name}_${build.version}.tar">
			<tarfileset dir="${param.output.frameworks.dir}">
				<include name="${framework.name}.framework/**"/>
			</tarfileset>
		</tar>
		<gzip destfile="${param.dist.dir}/${framework.name}_${build.version}.tgz" 
			src="${param.dist.dir}/${framework.name}_${build.version}.tar"/>
	</target>
	<!-- =========================================	-->
	<!-- define the database.type either in the   	-->
	<!-- build.properties file of DenaliDBUtils or	-->
	<target name="eoprototype">
		<echo message="Change eoprototype for ${database.type}"/>
		<delete dir="${param.resources.dir}/EOPrototypes.eomodeld"/>
		<copy todir="${param.resources.dir}/EOPrototypes.eomodeld">
			<fileset dir="EOPrototypes.eomodeld${database.type}"/>
		</copy>
	</target>
</project>
